,team_id,season,games_played,games_won,games_lost,games_lost_ot,points,points_pct,goals_per_game,goals_against_per_game,ev_gga_ratio,powerplay_pct,powerplay_goals,powerplay_goals_against,powerplay_opportunities,penaltykill_pct,shots_per_game,shots_allowed,win_when_score_first,win_when_opp_score_first,win_when_leading_first_per,win_when_leading_second_per,win_when_outshooting_opp,win_when_opp_outshooting,faceoffs_taken,faceoffs_won,faceoffs_lost,faceoff_win_pct,shooting_pct,save_pct
0,1,2016,82,28,40,14,70,42.7,2.195,2.939,0.7651,17.5,44.0,53.0,251.0,79.6,27.7927,31.3659,0.463,0.22,0.44,0.704,0.481,0.275,4920.0,2422.0,2498.0,49.2,7.9,0.906
1,2,2016,82,41,29,12,94,57.3,2.915,2.902,1.0471,15.0,35.0,41.0,234.0,81.9,30.2439,31.9024,0.614,0.368,0.724,0.857,0.559,0.452,4741.0,2261.0,2480.0,47.7,9.6,0.909
2,3,2016,82,48,28,6,102,62.2,3.085,2.634,1.0844,20.2,47.0,45.0,233.0,79.8,29.7317,30.061,0.667,0.486,0.741,0.871,0.463,0.7,4864.0,2353.0,2511.0,48.4,10.4,0.912
3,4,2016,82,39,33,10,88,53.7,2.585,2.817,0.8312,19.5,54.0,50.0,277.0,79.8,31.5244,28.4634,0.588,0.396,0.8,0.826,0.46,0.5,4857.0,2539.0,2318.0,52.3,8.2,0.901
4,5,2016,82,50,21,11,111,67.7,3.39,2.793,1.2333,23.1,60.0,52.0,260.0,79.8,33.4756,32.5732,0.638,0.571,0.778,0.949,0.705,0.529,5154.0,2452.0,2702.0,47.6,10.1,0.914
5,6,2016,82,44,31,7,95,57.9,2.829,2.549,0.966,21.7,53.0,38.0,244.0,85.7,33.1829,26.7561,0.696,0.333,0.742,0.944,0.508,0.619,5045.0,2686.0,2359.0,53.2,8.5,0.905
6,7,2016,82,33,37,12,78,47.6,2.427,2.817,0.8077,24.5,57.0,53.0,233.0,77.6,30.378,34.3049,0.512,0.293,0.536,0.741,0.333,0.434,4929.0,2445.0,2484.0,49.6,8.0,0.918
7,8,2016,82,47,26,9,103,62.8,2.72,2.415,1.1938,19.6,45.0,47.0,229.0,81.1,29.9878,29.622,0.75,0.368,0.808,0.867,0.641,0.55,4999.0,2516.0,2483.0,50.3,9.1,0.918
8,9,2016,82,44,28,10,98,59.8,2.512,2.561,0.9574,17.0,43.0,50.0,253.0,79.7,30.0366,30.0854,0.763,0.341,0.75,0.879,0.425,0.649,5001.0,2549.0,2452.0,51.0,8.4,0.915
9,10,2016,82,40,27,15,95,57.9,3.049,2.854,1.0497,23.8,58.0,44.0,244.0,82.5,31.9146,32.5976,0.644,0.297,0.714,0.756,0.406,0.542,5061.0,2524.0,2537.0,49.9,9.6,0.912
10,12,2016,82,36,31,15,87,53.0,2.585,2.805,0.848,17.8,41.0,32.0,231.0,84.2,30.4024,28.2927,0.529,0.375,0.593,0.714,0.38,0.5,4581.0,2431.0,2150.0,53.1,8.5,0.901
11,13,2016,82,35,36,11,81,49.4,2.5,2.817,0.8125,17.0,45.0,36.0,265.0,85.3,32.2439,31.6463,0.595,0.25,0.607,0.828,0.488,0.417,4974.0,2384.0,2590.0,47.9,7.8,0.911
12,14,2016,82,42,30,10,94,57.3,2.805,2.732,0.9724,22.8,62.0,48.0,272.0,81.4,29.9024,30.3902,0.667,0.408,0.826,0.871,0.457,0.55,4985.0,2376.0,2609.0,47.7,9.4,0.91
13,15,2016,82,55,19,8,118,72.0,3.183,2.159,1.5752,23.1,57.0,44.0,247.0,83.8,30.4268,27.8293,0.793,0.375,0.81,0.953,0.694,0.655,4785.0,2385.0,2400.0,49.8,10.5,0.922
14,16,2016,82,50,23,9,109,66.5,2.927,2.585,1.2029,18.0,42.0,47.0,233.0,77.7,30.5854,31.3902,0.74,0.406,0.788,0.857,0.553,0.659,4710.0,2236.0,2474.0,47.5,9.6,0.918
15,17,2016,82,33,36,13,79,48.2,2.415,2.976,0.8889,15.1,38.0,45.0,252.0,80.8,28.4756,30.5732,0.5,0.326,0.591,0.741,0.414,0.388,4858.0,2520.0,2338.0,51.9,8.5,0.903
16,18,2016,82,41,29,12,94,57.3,2.902,2.683,1.1268,18.9,49.0,46.0,259.0,80.9,31.1829,30.1463,0.676,0.356,0.682,0.784,0.489,0.471,5052.0,2599.0,2453.0,51.4,9.3,0.911
17,19,2016,82,46,29,7,99,60.4,2.841,2.634,1.1232,21.3,50.0,40.0,235.0,84.8,28.4146,28.378,0.689,0.405,0.769,0.879,0.7,0.378,4849.0,2438.0,2411.0,50.3,10.0,0.907
18,20,2016,82,45,33,4,94,57.3,2.707,2.671,0.9792,20.2,52.0,51.0,257.0,81.6,29.122,28.7073,0.711,0.409,0.821,0.971,0.564,0.513,4970.0,2432.0,2538.0,48.9,9.3,0.907
19,21,2016,82,22,56,4,48,29.3,2.012,3.366,0.5876,12.6,30.0,64.0,239.0,76.6,28.0854,31.7439,0.5,0.172,0.5,0.579,0.31,0.22,4907.0,2631.0,2276.0,53.6,7.2,0.894
20,22,2016,82,47,26,9,103,62.8,2.963,2.524,1.1857,22.9,56.0,43.0,245.0,80.7,31.061,29.4634,0.756,0.39,0.75,0.906,0.489,0.676,4894.0,2302.0,2592.0,47.0,9.5,0.914
21,23,2016,82,30,43,9,69,42.1,2.171,2.939,0.805,14.1,32.0,52.0,227.0,76.7,27.7195,31.7683,0.586,0.245,0.667,0.81,0.333,0.4,4960.0,2537.0,2423.0,51.1,7.8,0.907
22,24,2016,82,46,23,13,105,64.0,2.683,2.402,1.1328,18.7,47.0,43.0,251.0,84.7,29.5732,29.622,0.733,0.351,0.719,0.892,0.564,0.6,4913.0,2687.0,2226.0,54.7,9.1,0.919
23,25,2016,82,34,37,11,79,48.2,2.707,3.171,0.9613,17.9,46.0,65.0,257.0,73.9,30.5488,29.7439,0.676,0.2,0.714,0.786,0.333,0.5,5111.0,2551.0,2560.0,49.9,8.9,0.893
24,26,2016,82,39,35,8,86,52.4,2.427,2.451,0.9556,19.1,46.0,38.0,241.0,84.5,31.1341,25.8537,0.677,0.353,0.765,0.864,0.5,0.421,4948.0,2512.0,2436.0,50.8,7.8,0.905
25,28,2016,82,46,29,7,99,60.4,2.671,2.439,1.1259,16.7,41.0,41.0,246.0,80.7,29.9146,27.6707,0.745,0.314,0.867,0.868,0.524,0.579,4776.0,2299.0,2477.0,48.1,8.9,0.912
26,29,2016,82,50,24,8,108,65.9,3.012,2.354,1.2632,19.9,42.0,39.0,211.0,82.5,30.9756,30.3537,0.7,0.469,0.757,0.892,0.581,0.629,4939.0,2402.0,2537.0,48.6,9.7,0.922
27,30,2016,82,49,25,8,106,64.6,3.207,2.512,1.2635,21.0,47.0,37.0,224.0,83.0,30.8171,30.061,0.729,0.412,0.818,0.846,0.634,0.579,4909.0,2550.0,2359.0,52.0,10.4,0.916
28,52,2016,82,40,35,7,87,53.0,3.0,3.11,0.9401,18.2,48.0,62.0,264.0,77.5,29.8537,31.0488,0.625,0.357,0.654,0.852,0.474,0.488,4873.0,2364.0,2509.0,48.5,10.0,0.9
29,53,2016,82,30,42,10,70,42.7,2.329,3.146,0.7917,16.2,38.0,59.0,235.0,77.3,27.8171,34.1098,0.525,0.214,0.727,0.826,0.353,0.375,5025.0,2412.0,2613.0,48.0,8.4,0.908
30,1,2017,82,44,29,9,97,59.1,2.963,2.927,0.9581,21.4,54.0,47.0,252.0,81.8,31.6951,31.9024,0.692,0.395,0.739,0.941,0.457,0.6,5046.0,2371.0,2675.0,47.0,9.3,0.908
31,2,2017,82,35,37,10,80,48.8,3.183,3.573,0.9316,23.2,58.0,63.0,250.0,73.2,31.3659,35.5854,0.605,0.273,0.708,0.862,0.345,0.481,4919.0,2404.0,2515.0,48.9,10.1,0.9
32,3,2017,82,34,39,9,77,47.0,2.78,3.207,0.8242,21.2,51.0,46.0,241.0,81.4,30.9512,35.3415,0.667,0.217,0.625,0.957,0.4,0.42,4838.0,2384.0,2454.0,49.3,9.0,0.909
33,4,2017,82,42,26,14,98,59.8,3.037,2.878,1.0897,20.7,54.0,54.0,261.0,75.8,32.0854,29.8537,0.657,0.404,0.667,0.829,0.5,0.5,4812.0,2563.0,2249.0,53.3,9.5,0.904
34,5,2017,82,47,29,6,100,61.0,3.293,3.024,0.9148,26.1,68.0,53.0,260.0,80.0,34.4268,31.1341,0.702,0.4,0.821,0.923,0.64,0.483,5118.0,2572.0,2546.0,50.2,9.6,0.903
35,6,2017,82,50,20,12,112,68.3,3.256,2.573,1.2029,23.6,61.0,40.0,259.0,83.7,32.9634,29.2561,0.784,0.467,0.857,0.892,0.68,0.577,5078.0,2577.0,2501.0,50.8,9.9,0.912
36,7,2017,82,25,45,12,62,37.8,2.415,3.39,0.6761,19.1,49.0,52.0,257.0,77.9,31.1829,32.6951,0.541,0.111,0.55,0.727,0.278,0.316,4927.0,2539.0,2388.0,51.5,7.7,0.896
37,8,2017,82,29,40,13,71,43.3,2.524,3.146,0.8228,21.2,52.0,68.0,245.0,74.1,32.7683,32.3171,0.447,0.273,0.714,0.778,0.378,0.341,5037.0,2395.0,2642.0,47.5,7.7,0.903
38,9,2017,82,28,43,11,67,40.9,2.671,3.463,0.7677,16.6,41.0,56.0,247.0,76.2,30.6707,33.0732,0.533,0.231,0.727,0.727,0.412,0.283,4969.0,2499.0,2470.0,50.3,8.7,0.895
39,10,2017,82,49,26,7,105,64.0,3.293,2.805,1.1835,25.0,56.0,43.0,224.0,81.4,32.1951,33.8537,0.78,0.313,0.838,0.861,0.5,0.652,5187.0,2688.0,2499.0,51.8,10.2,0.917
40,12,2017,82,36,35,11,83,50.6,2.744,3.085,0.8659,18.4,44.0,43.0,239.0,77.5,33.9024,28.8659,0.63,0.194,0.667,0.778,0.526,0.261,4798.0,2594.0,2204.0,54.1,8.1,0.893
41,13,2017,82,44,30,8,96,58.5,2.988,2.963,0.994,18.9,47.0,45.0,249.0,80.2,34.4146,34.6098,0.717,0.306,0.871,0.935,0.444,0.605,5236.0,2657.0,2579.0,50.7,8.7,0.914
42,14,2017,82,54,23,5,113,68.9,3.537,2.854,1.3425,23.9,66.0,64.0,276.0,76.1,32.6829,32.7195,0.837,0.462,0.821,0.923,0.683,0.625,5062.0,2441.0,2621.0,48.2,10.8,0.913
43,15,2017,82,49,26,7,105,64.0,3.122,2.902,1.1104,22.5,55.0,53.0,244.0,80.3,29.0122,31.8659,0.811,0.422,0.966,0.9,0.679,0.56,4894.0,2467.0,2427.0,50.4,10.8,0.909
44,16,2017,82,33,39,10,76,46.3,2.78,3.098,0.9023,16.0,43.0,49.0,269.0,79.2,34.061,32.8902,0.543,0.222,0.581,0.769,0.395,0.4,5019.0,2472.0,2547.0,49.2,8.2,0.906
45,17,2017,82,30,39,13,73,44.5,2.585,3.098,0.8862,17.5,41.0,58.0,234.0,77.5,30.3659,31.8659,0.524,0.2,0.68,0.793,0.344,0.356,5009.0,2447.0,2562.0,48.9,8.5,0.903
46,18,2017,82,53,18,11,117,71.3,3.183,2.488,1.3125,21.2,58.0,54.0,273.0,81.9,32.2073,32.4268,0.804,0.387,0.742,0.86,0.576,0.698,5165.0,2753.0,2412.0,53.3,9.9,0.923
47,19,2017,82,44,32,6,94,57.3,2.72,2.707,1.087,15.4,38.0,47.0,246.0,79.7,32.6463,29.7317,0.756,0.27,0.889,0.914,0.561,0.48,4915.0,2487.0,2428.0,50.6,8.3,0.909
48,20,2017,82,37,35,10,84,51.2,2.634,2.963,0.9304,16.0,43.0,49.0,269.0,81.8,33.6463,31.1463,0.647,0.313,0.696,0.833,0.429,0.483,5056.0,2496.0,2560.0,49.4,7.8,0.905
49,21,2017,82,43,30,9,95,57.9,3.11,2.878,1.0857,22.0,65.0,45.0,296.0,83.3,29.6585,33.3049,0.766,0.2,0.815,0.875,0.448,0.577,4828.0,2135.0,2693.0,44.2,10.5,0.914
50,22,2017,82,36,40,6,78,47.6,2.793,3.195,0.9261,14.8,31.0,57.0,210.0,76.7,33.4146,32.122,0.595,0.311,0.783,0.913,0.463,0.378,4917.0,2394.0,2523.0,48.7,8.4,0.901
51,23,2017,82,31,40,11,73,44.5,2.659,3.159,0.8415,21.5,53.0,60.0,247.0,78.3,30.0488,32.2073,0.515,0.286,0.875,0.75,0.281,0.435,4901.0,2427.0,2474.0,49.5,8.8,0.902
52,24,2017,82,44,25,13,101,61.6,2.817,2.549,1.146,17.8,38.0,46.0,214.0,83.2,30.1829,33.122,0.732,0.341,0.719,0.78,0.571,0.542,4875.0,2499.0,2376.0,51.3,9.3,0.923
53,25,2017,82,42,32,8,92,56.1,2.817,2.707,1.0963,19.3,47.0,54.0,244.0,80.8,31.2195,29.8415,0.682,0.316,0.731,0.861,0.463,0.629,5144.0,2701.0,2443.0,52.5,9.0,0.909
54,26,2017,82,45,29,8,98,59.8,2.89,2.463,1.1567,20.4,49.0,39.0,240.0,85.0,31.0244,30.939,0.781,0.4,0.75,0.9,0.619,0.462,4884.0,2429.0,2455.0,49.7,9.3,0.92
55,28,2017,82,45,27,10,100,61.0,3.012,2.756,0.9578,20.6,53.0,34.0,257.0,84.8,32.9512,30.3415,0.7,0.405,0.833,0.909,0.5,0.583,4991.0,2558.0,2433.0,51.2,9.1,0.909
56,29,2017,82,45,30,7,97,59.1,2.878,2.756,1.1342,17.2,39.0,51.0,227.0,76.2,33.6707,31.3049,0.652,0.417,0.759,0.833,0.553,0.563,4958.0,2400.0,2558.0,48.4,8.5,0.912
57,30,2017,82,45,26,11,101,61.6,3.049,2.793,1.1034,20.4,49.0,51.0,240.0,81.2,30.1951,31.3293,0.75,0.357,0.857,0.838,0.581,0.521,4849.0,2415.0,2434.0,49.8,10.1,0.911
58,52,2017,82,52,20,10,114,69.5,3.329,2.634,1.2222,23.4,64.0,50.0,274.0,81.8,32.2317,31.8659,0.787,0.429,0.882,0.955,0.659,0.579,5055.0,2649.0,2406.0,52.4,10.3,0.917
59,53,2017,82,29,41,12,70,42.7,2.512,3.061,0.8485,16.9,41.0,46.0,243.0,79.6,29.878,32.2195,0.5,0.167,0.6,0.677,0.353,0.348,5088.0,2429.0,2659.0,47.7,8.4,0.905
60,54,2017,82,51,24,7,109,66.5,3.268,2.744,1.121,21.0,52.0,44.0,248.0,81.4,32.7561,30.7439,0.829,0.415,0.75,0.861,0.688,0.517,4987.0,2439.0,2548.0,48.9,10.0,0.911
61,1,2018,82,31,41,10,72,43.9,2.671,3.305,0.7989,17.7,45.0,40.0,254.0,84.3,30.3415,31.6098,0.543,0.167,0.63,0.815,0.429,0.372,4900.0,2418.0,2482.0,49.4,8.8,0.895
62,2,2018,82,48,27,7,103,62.8,2.72,2.329,1.2756,14.5,33.0,44.0,227.0,79.9,28.7805,30.9024,0.689,0.459,0.71,0.85,0.531,0.646,4477.0,2124.0,2353.0,47.4,9.4,0.925
63,3,2018,82,32,36,14,78,47.6,2.695,3.256,0.8382,19.4,44.0,58.0,227.0,78.2,29.1829,33.8293,0.432,0.356,0.526,0.722,0.462,0.357,4663.0,2188.0,2475.0,46.9,9.2,0.904
64,4,2018,82,37,37,8,82,50.0,2.939,3.415,0.8639,17.1,40.0,51.0,234.0,78.5,31.5,32.5,0.656,0.32,0.773,0.839,0.306,0.548,4818.0,2637.0,2181.0,54.7,9.3,0.895
65,5,2018,82,44,26,12,100,61.0,3.305,2.902,1.2133,24.6,56.0,45.0,228.0,79.7,33.3049,33.2805,0.596,0.457,0.75,0.923,0.417,0.634,4908.0,2482.0,2426.0,50.6,9.9,0.913
66,6,2018,82,49,24,9,107,65.2,3.134,2.585,1.2266,25.9,65.0,49.0,251.0,79.9,32.6829,29.4634,0.739,0.417,0.806,0.838,0.563,0.625,4840.0,2455.0,2385.0,50.7,9.6,0.912
67,7,2018,82,33,39,10,76,46.3,2.695,3.268,0.8324,19.5,46.0,41.0,236.0,80.9,32.8902,32.9756,0.615,0.209,0.655,0.75,0.325,0.463,4872.0,2334.0,2538.0,47.9,8.2,0.901
68,8,2018,82,44,30,8,96,58.5,3.0,2.878,1.1534,13.2,31.0,46.0,234.0,80.9,34.0976,31.0732,0.705,0.342,0.75,0.794,0.565,0.486,4932.0,2437.0,2495.0,49.4,8.8,0.907
69,9,2018,82,29,47,6,64,39.0,2.951,3.671,0.7854,20.4,46.0,45.0,226.0,79.2,29.622,35.7439,0.512,0.179,0.586,0.76,0.44,0.321,4815.0,2387.0,2428.0,49.6,10.0,0.897
70,10,2018,82,46,28,8,100,61.0,3.488,3.037,1.2047,21.8,46.0,41.0,211.0,79.9,33.3659,33.1341,0.738,0.375,0.828,0.973,0.571,0.561,4959.0,2629.0,2330.0,53.0,10.5,0.908
71,12,2018,82,46,29,7,99,60.4,2.963,2.695,1.0878,17.8,44.0,44.0,247.0,81.6,34.4146,28.5732,0.767,0.333,0.862,0.872,0.509,0.708,4968.0,2436.0,2532.0,49.0,8.6,0.906
72,13,2018,82,36,32,14,86,52.4,3.22,3.329,0.8526,26.8,72.0,43.0,269.0,81.3,32.9878,30.6829,0.538,0.349,0.483,0.735,0.468,0.406,5072.0,2527.0,2545.0,49.8,9.8,0.891
73,14,2018,82,62,16,4,128,78.0,3.89,2.695,1.3121,28.2,74.0,40.0,262.0,85.0,31.9512,32.1098,0.848,0.639,0.912,0.907,0.75,0.75,4921.0,2520.0,2401.0,51.2,12.2,0.916
74,15,2018,82,48,26,8,104,63.4,3.341,3.024,1.2236,20.8,49.0,55.0,236.0,78.9,30.3902,31.5122,0.762,0.4,0.73,0.902,0.636,0.533,4723.0,2160.0,2563.0,45.7,11.0,0.904
75,16,2018,82,36,34,12,84,51.2,3.256,3.549,0.9892,20.2,48.0,63.0,238.0,72.7,32.5488,34.7805,0.605,0.256,0.741,0.92,0.444,0.409,4760.0,2356.0,2404.0,49.5,10.0,0.898
76,17,2018,82,32,40,10,74,45.1,2.732,3.317,0.8258,18.1,39.0,56.0,216.0,77.1,29.1951,33.6707,0.568,0.244,0.5,0.739,0.385,0.389,5058.0,2568.0,2490.0,50.8,9.4,0.901
77,18,2018,82,47,29,6,100,61.0,2.878,2.585,1.1469,12.9,33.0,45.0,255.0,82.1,32.6585,29.9878,0.875,0.286,0.88,0.946,0.6,0.5,4922.0,2537.0,2385.0,51.5,8.8,0.914
78,19,2018,82,45,28,9,99,60.4,2.976,2.683,1.1361,21.1,50.0,43.0,237.0,81.5,31.7561,28.5976,0.75,0.265,0.758,0.897,0.582,0.5,4767.0,2450.0,2317.0,51.4,9.4,0.906
79,20,2018,82,50,25,7,107,65.2,3.524,2.72,1.2617,19.3,53.0,50.0,275.0,79.7,32.3902,28.0732,0.878,0.341,0.875,0.969,0.571,0.68,4755.0,2490.0,2265.0,52.4,10.9,0.903
80,21,2018,82,38,30,14,90,54.9,3.146,2.976,1.0195,22.0,63.0,58.0,286.0,78.7,32.6341,31.939,0.7,0.238,0.75,0.875,0.524,0.395,4875.0,2346.0,2529.0,48.1,9.6,0.907
81,22,2018,82,35,38,9,79,48.2,2.793,3.305,0.8156,21.2,47.0,62.0,222.0,74.8,29.1707,31.6951,0.575,0.286,0.63,0.778,0.438,0.435,4810.0,2327.0,2483.0,48.4,9.6,0.896
82,23,2018,82,35,36,11,81,49.4,2.671,3.024,0.8343,17.1,43.0,48.0,251.0,81.1,29.6707,31.6707,0.727,0.224,0.75,0.75,0.382,0.447,4857.0,2404.0,2453.0,49.5,9.0,0.905
83,24,2018,82,35,37,10,80,48.8,2.39,3.024,0.8831,17.0,36.0,55.0,212.0,79.7,27.6951,33.2317,0.59,0.279,0.68,0.769,0.44,0.426,4663.0,2394.0,2269.0,51.3,8.6,0.909
84,25,2018,82,43,32,7,93,56.7,2.549,2.439,1.0149,21.0,45.0,41.0,214.0,82.8,30.7195,31.5976,0.744,0.282,0.81,0.909,0.528,0.522,4875.0,2529.0,2346.0,51.9,8.3,0.923
85,26,2018,82,31,42,9,71,43.3,2.427,3.159,0.8246,15.8,35.0,54.0,221.0,76.5,28.7561,31.439,0.7,0.192,0.867,0.833,0.375,0.375,4776.0,2410.0,2366.0,50.5,8.4,0.9
86,28,2018,82,46,27,9,101,61.6,3.524,3.146,1.0376,23.6,57.0,45.0,241.0,80.8,33.0244,28.3293,0.705,0.395,0.813,0.872,0.582,0.542,4722.0,2376.0,2346.0,50.3,10.7,0.889
87,29,2018,82,47,31,4,98,59.8,3.122,2.817,1.1,15.4,34.0,30.0,221.0,85.0,31.6098,29.4878,0.786,0.35,0.879,0.941,0.549,0.63,4844.0,2434.0,2410.0,50.2,9.9,0.904
88,30,2018,82,37,36,9,83,50.6,2.561,2.841,0.9038,20.3,49.0,44.0,241.0,81.7,31.3049,29.5,0.69,0.321,0.773,0.815,0.438,0.485,4869.0,2404.0,2465.0,49.4,8.2,0.904
89,52,2018,82,47,30,5,99,60.4,3.293,2.963,1.0307,24.8,62.0,52.0,250.0,79.2,31.1829,33.4268,0.69,0.45,0.733,0.743,0.621,0.549,4860.0,2464.0,2396.0,50.7,10.6,0.911
90,53,2018,82,39,35,8,86,52.4,2.549,2.683,0.8408,16.3,42.0,34.0,258.0,85.0,30.7439,30.8171,0.617,0.286,0.714,0.935,0.425,0.537,4818.0,2307.0,2511.0,47.9,8.3,0.913
91,54,2018,82,43,32,7,93,56.7,3.0,2.78,1.0741,16.8,39.0,44.0,232.0,80.9,34.3171,29.2561,0.643,0.4,0.69,0.903,0.585,0.423,4923.0,2481.0,2442.0,50.4,8.7,0.905
92,1,2019,69,28,29,12,68,49.3,2.681,3.246,0.7821,17.9,42.0,39.0,234.0,82.3,30.6812,32.6957,0.484,0.342,0.5,0.704,0.417,0.381,3990.0,1869.0,2121.0,46.8,8.7,0.901
93,2,2019,68,35,23,10,80,58.8,2.779,2.794,0.9474,17.3,29.0,34.0,168.0,80.7,29.6471,31.2206,0.639,0.375,0.714,0.885,0.481,0.55,3617.0,1803.0,1814.0,49.9,9.4,0.911
94,3,2019,70,37,28,5,79,56.4,3.329,3.143,1.049,22.9,52.0,52.0,227.0,77.4,31.0714,34.0143,0.625,0.4,0.741,0.889,0.444,0.585,3862.0,1799.0,2063.0,46.6,10.7,0.908
95,4,2019,69,41,21,7,89,64.5,3.29,2.768,1.1333,20.8,47.0,38.0,226.0,81.8,31.3913,28.6522,0.718,0.433,0.85,0.935,0.537,0.654,3954.0,2159.0,1795.0,54.6,10.5,0.903
96,5,2019,69,40,23,6,86,62.3,3.203,2.841,1.1014,19.9,42.0,34.0,211.0,82.1,31.942,29.7246,0.781,0.405,0.826,0.862,0.55,0.625,3974.0,1942.0,2032.0,48.9,10.0,0.904
97,6,2019,70,44,14,12,100,71.4,3.243,2.386,1.3429,25.2,57.0,34.0,226.0,84.3,32.1,30.0429,0.634,0.621,0.75,0.8,0.61,0.654,3971.0,2024.0,1947.0,51.0,10.1,0.921
98,7,2019,69,30,31,8,68,49.3,2.797,3.116,0.9701,18.9,37.0,47.0,196.0,74.6,29.2899,31.1304,0.629,0.235,0.684,0.958,0.387,0.472,3788.0,1737.0,2051.0,45.9,9.5,0.9
99,8,2019,71,31,31,9,71,50.0,2.93,3.099,1.0352,17.7,33.0,45.0,186.0,78.7,34.1127,31.0986,0.553,0.303,0.6,0.667,0.465,0.4,4249.0,2143.0,2106.0,50.4,8.6,0.9
100,9,2019,71,25,34,12,62,43.7,2.676,3.352,0.8217,14.2,30.0,55.0,211.0,76.1,30.6197,33.5775,0.519,0.25,0.632,0.85,0.435,0.349,4242.0,2132.0,2110.0,50.3,8.7,0.9
101,10,2019,70,36,25,9,81,57.9,3.386,3.171,1.0127,23.1,45.0,43.0,195.0,77.7,32.8857,31.9,0.774,0.308,0.81,0.857,0.588,0.438,3924.0,2060.0,1864.0,52.5,10.3,0.901
102,12,2019,68,38,25,5,81,59.6,3.191,2.838,1.0368,22.3,46.0,39.0,206.0,84.0,33.25,29.3235,0.839,0.324,0.95,0.963,0.487,0.643,4072.0,2058.0,2014.0,50.5,9.6,0.903
103,13,2019,69,35,26,8,78,56.5,3.304,3.246,1.026,21.3,45.0,40.0,211.0,78.5,32.6522,32.2754,0.743,0.265,0.8,0.963,0.429,0.594,4005.0,2014.0,1991.0,50.3,10.1,0.899
104,14,2019,70,43,21,6,92,65.7,3.471,2.771,1.3279,23.1,49.0,43.0,212.0,81.4,31.0857,30.9286,0.732,0.448,0.821,0.861,0.581,0.611,4032.0,2037.0,1995.0,50.5,11.2,0.91
105,15,2019,69,41,20,8,90,65.2,3.42,3.072,1.1056,19.4,42.0,42.0,216.0,82.6,31.971,30.2029,0.727,0.472,0.87,0.844,0.625,0.571,4121.0,1991.0,2130.0,48.3,10.7,0.898
106,16,2019,70,32,30,8,72,51.4,2.971,3.057,1.0,15.2,33.0,37.0,217.0,82.1,31.8143,35.1143,0.625,0.316,0.731,0.786,0.478,0.467,3933.0,1964.0,1969.0,49.9,9.3,0.913
107,17,2019,71,17,49,5,39,27.5,2.0,3.732,0.5444,14.9,32.0,58.0,215.0,74.3,27.0986,32.8028,0.367,0.146,0.474,0.6,0.333,0.204,3960.0,1959.0,2001.0,49.5,7.4,0.886
108,18,2019,69,35,26,8,78,56.5,3.072,3.101,1.1176,17.3,39.0,51.0,226.0,76.1,33.1449,31.2609,0.73,0.25,0.8,0.815,0.474,0.567,4085.0,2135.0,1950.0,52.3,9.3,0.901
109,19,2019,71,42,19,10,94,66.2,3.141,2.676,1.2521,24.3,49.0,42.0,202.0,79.3,30.6901,29.5775,0.75,0.387,0.654,0.818,0.6,0.559,4020.0,2073.0,1947.0,51.6,10.2,0.91
110,20,2019,70,36,27,7,79,56.4,2.914,3.057,0.9178,21.2,41.0,35.0,193.0,82.1,31.6,32.4429,0.667,0.4,0.857,0.852,0.5,0.485,4120.0,2022.0,2098.0,49.1,9.2,0.906
111,21,2019,70,42,20,8,92,65.7,3.371,2.714,1.4087,19.1,46.0,39.0,241.0,81.4,32.2429,31.3286,0.698,0.444,0.731,0.85,0.559,0.636,4095.0,2031.0,2064.0,49.6,10.5,0.913
112,22,2019,71,37,25,9,83,58.5,3.141,3.028,0.8987,29.5,59.0,31.0,200.0,84.4,29.5775,32.0282,0.744,0.25,0.815,0.897,0.429,0.564,3930.0,1925.0,2005.0,49.0,10.6,0.905
113,23,2019,69,36,27,6,78,56.5,3.246,3.101,0.9724,24.1,57.0,42.0,236.0,80.5,31.2029,33.2899,0.774,0.316,0.75,0.885,0.371,0.667,4008.0,2166.0,1842.0,54.0,10.4,0.907
114,24,2019,71,29,33,9,67,47.2,2.563,3.169,0.8784,14.7,27.0,49.0,184.0,77.0,29.662,32.1408,0.583,0.229,0.9,0.806,0.185,0.585,3940.0,1991.0,1949.0,50.5,8.6,0.901
115,25,2019,69,37,24,8,82,59.4,2.58,2.522,0.9818,21.1,42.0,44.0,199.0,79.7,30.6232,31.5507,0.719,0.378,0.85,0.885,0.581,0.485,3994.0,2070.0,1924.0,51.8,8.4,0.92
116,26,2019,70,29,35,6,64,45.7,2.529,2.986,0.8429,17.1,33.0,43.0,193.0,77.4,33.2143,29.7,0.59,0.194,0.655,0.9,0.37,0.5,3998.0,2031.0,1967.0,50.8,7.6,0.899
117,28,2019,70,29,36,5,63,45.0,2.571,3.214,0.7593,17.5,33.0,32.0,189.0,85.7,30.0143,30.5714,0.625,0.237,0.737,0.87,0.417,0.419,3817.0,1868.0,1949.0,48.9,8.6,0.895
118,29,2019,70,33,22,15,81,57.9,2.571,2.614,1.0246,16.4,31.0,31.0,189.0,81.7,32.4571,29.8857,0.667,0.265,0.579,0.667,0.385,0.6,3883.0,1883.0,2000.0,48.5,7.9,0.913
119,30,2019,69,35,27,7,77,55.8,3.159,3.145,1.1143,21.3,46.0,47.0,216.0,77.2,30.1014,30.6522,0.676,0.343,0.704,0.75,0.63,0.405,4016.0,1945.0,2071.0,48.4,10.5,0.897
120,52,2019,71,37,28,6,80,56.3,3.0,2.831,0.9718,20.5,42.0,39.0,205.0,77.6,31.2958,32.6056,0.719,0.359,0.857,0.96,0.419,0.583,3969.0,1988.0,1981.0,50.1,9.6,0.913
121,53,2019,70,33,29,8,74,52.9,2.714,2.614,1.0236,19.2,41.0,34.0,214.0,82.7,31.7143,32.4286,0.667,0.265,0.692,0.815,0.452,0.5,3982.0,1956.0,2026.0,49.1,8.6,0.919
122,54,2019,71,39,24,8,86,60.6,3.155,2.944,1.0417,22.0,42.0,50.0,191.0,76.6,34.507,29.3239,0.765,0.351,0.76,0.886,0.596,0.55,4205.0,2103.0,2102.0,50.0,9.1,0.9
123,1,2020,56,19,30,7,45,40.2,2.589,3.375,0.8293,14.2,22.0,43.0,155.0,71.0,28.7857,31.0179,0.552,0.111,0.737,0.733,0.211,0.417,3180.0,1481.0,1699.0,46.6,9.0,0.891
124,2,2020,56,32,17,7,71,63.4,2.714,2.232,1.2418,18.8,27.0,22.0,144.0,83.7,28.9821,28.3929,0.821,0.321,0.833,0.842,0.69,0.44,2916.0,1498.0,1418.0,51.4,9.4,0.921
125,3,2020,56,27,23,6,60,53.6,3.143,2.768,1.0943,20.7,37.0,30.0,179.0,82.2,28.6964,29.7143,0.7,0.231,0.739,0.808,0.545,0.484,3026.0,1346.0,1680.0,44.5,11.0,0.907
126,4,2020,56,25,23,8,58,51.8,2.857,3.518,0.806,19.2,32.0,45.0,167.0,73.0,30.2143,29.2143,0.609,0.333,0.769,0.833,0.441,0.455,3217.0,1738.0,1479.0,54.0,9.5,0.88
127,5,2020,56,37,16,3,77,68.8,3.446,2.768,1.27,23.7,36.0,35.0,152.0,77.4,30.0714,29.9821,0.793,0.519,0.846,0.926,0.655,0.68,3191.0,1573.0,1618.0,49.3,11.5,0.908
128,6,2020,56,33,16,7,73,65.2,2.929,2.393,1.1383,21.9,35.0,25.0,160.0,86.0,33.3214,27.0714,0.735,0.364,0.909,0.885,0.615,0.467,3169.0,1751.0,1418.0,55.2,8.8,0.912
129,7,2020,56,15,34,7,37,33.0,2.393,3.5,0.635,21.0,30.0,31.0,143.0,77.7,28.4286,33.7321,0.421,0.189,0.364,0.667,0.357,0.244,3053.0,1514.0,1539.0,49.6,8.4,0.896
130,8,2020,56,24,21,11,59,52.7,2.821,2.946,1.0291,19.2,29.0,37.0,151.0,78.5,31.1786,28.1964,0.613,0.2,0.7,0.9,0.485,0.318,3114.0,1507.0,1607.0,48.4,9.0,0.896
131,9,2020,56,23,28,5,51,45.5,2.768,3.375,0.803,15.5,27.0,36.0,174.0,79.0,29.6964,32.125,0.667,0.219,0.867,0.85,0.409,0.452,3100.0,1469.0,1631.0,47.4,9.3,0.895
132,10,2020,56,35,14,7,77,68.8,3.321,2.643,1.375,20.0,31.0,31.0,155.0,78.5,31.2679,27.8214,0.735,0.455,0.692,0.8,0.559,0.75,2981.0,1523.0,1458.0,51.1,10.6,0.905
133,12,2020,56,36,12,8,80,71.4,3.125,2.393,1.3086,25.6,42.0,26.0,164.0,85.2,32.0357,28.2321,0.735,0.5,0.81,0.862,0.639,0.632,3425.0,1845.0,1580.0,53.9,9.8,0.915
134,13,2020,56,37,14,5,79,70.5,3.357,2.696,1.2553,20.5,39.0,34.0,190.0,79.8,34.8929,30.0357,0.714,0.607,0.737,0.929,0.622,0.75,3330.0,1671.0,1659.0,50.2,9.6,0.91
135,14,2020,56,36,17,3,75,67.0,3.214,2.589,1.1443,22.2,40.0,29.0,180.0,84.2,30.2143,28.2679,0.786,0.5,0.909,1.0,0.655,0.64,3127.0,1567.0,1560.0,50.1,10.6,0.908
136,15,2020,56,36,15,5,77,68.8,3.357,2.875,1.2336,24.8,38.0,26.0,153.0,84.0,29.4107,28.7857,0.75,0.5,0.727,0.929,0.677,0.545,3134.0,1542.0,1592.0,49.2,11.4,0.9
137,16,2020,56,24,25,7,55,49.1,2.839,3.286,0.8,21.7,38.0,35.0,175.0,76.8,29.1964,33.7143,0.63,0.241,0.647,0.789,0.45,0.412,3105.0,1439.0,1666.0,46.3,9.7,0.903
138,17,2020,56,19,27,10,48,42.9,2.232,3.0,0.7768,11.4,17.0,33.0,149.0,78.7,27.2857,31.8929,0.5,0.219,0.643,0.833,0.318,0.353,3041.0,1523.0,1518.0,50.1,8.2,0.906
139,18,2020,56,31,23,2,64,57.1,2.696,2.75,1.1429,17.6,28.0,42.0,159.0,75.6,29.9821,31.3036,0.72,0.419,0.75,0.895,0.571,0.519,3149.0,1628.0,1521.0,51.7,9.0,0.912
140,19,2020,56,27,20,9,63,56.3,2.982,2.982,0.9273,23.2,36.0,38.0,155.0,77.8,28.9643,29.8214,0.565,0.424,0.696,0.8,0.5,0.467,3145.0,1677.0,1468.0,53.3,10.3,0.9
141,20,2020,56,26,27,3,55,49.1,2.768,2.857,1.0667,18.3,32.0,34.0,175.0,80.2,30.1607,28.1607,0.741,0.207,0.737,0.957,0.471,0.429,3085.0,1541.0,1544.0,50.0,9.2,0.899
142,21,2020,56,39,13,4,82,73.2,3.518,2.357,1.4886,22.7,47.0,30.0,207.0,83.0,34.5893,25.4107,0.806,0.5,0.87,0.939,0.733,0.545,3235.0,1670.0,1565.0,51.6,10.2,0.907
143,22,2020,56,35,19,2,72,64.3,3.268,2.75,0.9914,27.6,48.0,27.0,174.0,82.5,29.8929,30.6607,0.852,0.414,0.826,0.897,0.583,0.633,2977.0,1501.0,1476.0,50.4,10.9,0.91
144,23,2020,56,23,29,4,50,44.6,2.643,3.339,0.7939,17.4,27.0,37.0,155.0,79.8,29.0893,33.3929,0.72,0.161,0.706,0.882,0.357,0.429,3162.0,1655.0,1507.0,52.3,9.1,0.9
145,24,2020,56,17,30,9,43,38.4,2.214,3.161,0.8197,8.9,11.0,33.0,123.0,79.9,26.7857,30.5714,0.444,0.172,0.529,0.643,0.316,0.306,3118.0,1591.0,1527.0,51.0,8.3,0.897
146,25,2020,56,23,19,14,60,53.6,2.786,2.643,1.086,23.6,37.0,32.0,157.0,79.1,30.3393,27.1071,0.654,0.2,0.75,0.857,0.457,0.333,3218.0,1668.0,1550.0,51.8,9.2,0.903
147,26,2020,56,21,28,7,49,43.8,2.536,3.018,0.7983,18.9,32.0,26.0,169.0,83.7,28.3393,31.1786,0.667,0.2,0.769,0.875,0.375,0.333,2981.0,1509.0,1472.0,50.6,8.9,0.903
148,28,2020,56,21,28,7,49,43.8,2.607,3.5,0.7836,14.1,22.0,36.0,156.0,80.4,30.0357,31.9821,0.464,0.286,0.688,0.688,0.478,0.333,3156.0,1528.0,1628.0,48.4,8.7,0.891
149,29,2020,56,18,26,12,48,42.9,2.393,3.286,0.7405,15.4,18.0,28.0,117.0,79.0,29.0179,32.4107,0.406,0.208,0.45,0.75,0.273,0.357,3061.0,1387.0,1674.0,45.3,8.2,0.899
150,30,2020,56,35,16,5,75,67.0,3.214,2.839,1.1667,17.6,29.0,31.0,165.0,80.8,28.3036,30.4464,0.767,0.462,0.739,0.875,0.714,0.517,3261.0,1517.0,1744.0,46.5,11.4,0.907
151,52,2020,56,30,23,3,63,56.3,3.036,2.714,1.0784,23.0,37.0,29.0,161.0,80.5,29.6607,30.5893,0.679,0.393,0.762,0.864,0.483,0.625,2957.0,1492.0,1465.0,50.5,10.2,0.911
152,53,2020,56,24,26,6,54,48.2,2.679,3.107,0.8696,20.8,37.0,32.0,178.0,80.8,27.4643,30.4643,0.609,0.303,0.615,0.857,0.4,0.441,3108.0,1525.0,1583.0,49.1,9.8,0.898
153,54,2020,56,40,14,2,82,73.2,3.393,2.179,1.3776,17.8,31.0,19.0,174.0,86.8,32.6607,27.2679,0.861,0.45,0.846,0.931,0.769,0.667,3102.0,1536.0,1566.0,49.5,10.4,0.92
154,1,2021,82,27,46,9,63,38.4,2.988,3.683,0.8341,15.6,35.0,42.0,225.0,80.2,31.2439,30.9756,0.421,0.25,0.56,0.762,0.39,0.275,4726.0,2214.0,2512.0,46.9,9.6,0.881
155,2,2021,82,37,35,10,84,51.2,2.793,2.817,0.9938,22.1,46.0,34.0,208.0,84.2,28.8659,32.5488,0.644,0.216,0.833,0.844,0.48,0.453,4342.0,2228.0,2114.0,51.3,9.7,0.913
156,3,2021,82,52,24,6,110,67.1,3.049,2.488,1.0743,25.2,55.0,40.0,218.0,82.3,29.1707,30.8293,0.829,0.439,0.857,0.886,0.625,0.633,4288.0,2061.0,2227.0,48.1,10.5,0.919
157,4,2021,82,25,46,11,61,37.2,2.561,3.585,0.8377,12.6,30.0,57.0,239.0,75.7,30.9634,33.9634,0.541,0.111,0.6,0.778,0.333,0.255,4695.0,2448.0,2247.0,52.1,8.3,0.894
158,5,2021,82,46,25,11,103,62.8,3.28,2.707,1.1765,20.2,50.0,33.0,248.0,84.4,34.7439,31.4146,0.814,0.282,0.828,0.914,0.64,0.4,4619.0,2362.0,2257.0,51.1,9.4,0.914
159,6,2021,82,51,26,5,107,65.2,3.085,2.659,1.1862,21.2,50.0,49.0,236.0,81.3,36.122,28.7073,0.755,0.424,0.824,0.892,0.7,0.381,4880.0,2644.0,2236.0,54.2,8.5,0.907
160,7,2021,82,32,39,11,75,45.7,2.793,3.5,0.79,21.2,47.0,50.0,222.0,76.4,29.8902,32.9512,0.561,0.22,0.545,0.677,0.543,0.267,4418.0,2032.0,2386.0,46.0,9.3,0.894
161,8,2021,82,22,49,11,55,33.5,2.659,3.866,0.7908,13.7,34.0,67.0,248.0,75.5,29.7805,34.4268,0.533,0.115,0.722,0.842,0.318,0.259,4719.0,2321.0,2398.0,49.2,8.9,0.888
162,9,2021,82,33,42,7,73,44.5,2.732,3.22,0.84,19.3,47.0,49.0,243.0,80.3,30.0366,33.4146,0.553,0.273,0.636,0.885,0.464,0.385,4624.0,2216.0,2408.0,47.9,9.1,0.904
163,10,2021,82,54,21,7,115,70.1,3.805,3.073,1.1538,27.3,63.0,42.0,231.0,82.0,34.5732,30.622,0.795,0.5,0.829,0.909,0.642,0.679,4788.0,2636.0,2152.0,55.0,11.0,0.9
164,12,2021,82,54,20,8,116,70.7,3.378,2.439,1.383,22.0,51.0,33.0,232.0,88.0,34.122,28.1707,0.796,0.455,0.829,0.895,0.698,0.615,4853.0,2616.0,2237.0,53.9,9.9,0.913
165,13,2021,82,58,18,6,122,74.4,4.11,2.951,1.3457,24.4,64.0,53.0,262.0,79.5,37.3415,30.6707,0.773,0.632,0.879,0.975,0.672,0.75,4901.0,2364.0,2537.0,48.2,11.0,0.904
166,14,2021,82,51,23,8,110,67.1,3.476,2.78,1.2349,23.9,62.0,49.0,259.0,80.6,30.9146,29.7683,0.769,0.488,0.806,0.868,0.75,0.471,4669.0,2340.0,2329.0,50.1,11.2,0.907
167,15,2021,82,44,26,12,100,61.0,3.293,2.951,1.1401,18.8,48.0,44.0,256.0,80.4,31.4268,29.0,0.654,0.333,0.818,0.813,0.521,0.571,4724.0,2225.0,2499.0,47.1,10.5,0.898
168,16,2021,82,28,42,12,68,41.5,2.598,3.524,0.7448,19.2,47.0,53.0,245.0,76.2,28.8049,32.9634,0.622,0.111,0.6,0.714,0.435,0.259,4299.0,2134.0,2165.0,49.6,9.0,0.893
169,17,2021,82,32,40,10,74,45.1,2.768,3.78,0.7756,16.3,37.0,59.0,227.0,73.8,29.439,33.6707,0.629,0.213,0.737,0.821,0.567,0.3,4552.0,2247.0,2305.0,49.4,9.4,0.888
170,18,2021,82,45,30,7,97,59.1,3.195,3.049,1.051,24.4,63.0,59.0,258.0,79.2,29.7439,32.2683,0.744,0.333,0.857,0.939,0.543,0.568,4869.0,2495.0,2374.0,51.2,10.7,0.906
171,19,2021,82,49,22,11,109,66.5,3.768,2.915,1.1765,27.0,65.0,35.0,241.0,84.1,30.3902,31.5976,0.667,0.525,0.808,0.86,0.611,0.561,4516.0,2269.0,2247.0,50.2,12.4,0.908
172,20,2021,82,50,21,11,111,67.7,3.549,2.512,1.4173,22.9,54.0,42.0,236.0,83.2,35.4634,28.9512,0.722,0.393,0.821,0.93,0.683,0.35,4788.0,2446.0,2342.0,51.1,10.0,0.913
173,21,2021,82,56,19,7,119,72.6,3.756,2.829,1.2941,24.0,67.0,48.0,279.0,79.7,35.0488,32.0122,0.827,0.433,0.909,0.907,0.784,0.516,4899.0,2316.0,2583.0,47.3,10.7,0.912
174,22,2021,82,49,27,6,104,63.4,3.476,3.061,1.0462,26.0,61.0,52.0,235.0,79.4,34.0244,32.2805,0.879,0.408,0.966,0.921,0.595,0.622,4708.0,2414.0,2294.0,51.3,10.2,0.905
175,23,2021,82,40,30,12,92,56.1,3.0,2.817,1.0979,23.5,58.0,58.0,247.0,74.9,31.9756,31.8537,0.692,0.302,0.762,0.844,0.474,0.55,4625.0,2403.0,2222.0,52.0,9.4,0.912
176,24,2021,82,31,37,14,76,46.3,2.78,3.244,0.8298,21.9,48.0,43.0,219.0,80.8,29.1829,33.2317,0.595,0.15,0.714,0.778,0.484,0.34,4510.0,2174.0,2336.0,48.2,9.5,0.902
177,25,2021,82,46,30,6,98,59.8,2.841,2.976,0.9245,22.4,54.0,46.0,241.0,79.0,30.3171,31.0366,0.727,0.368,0.867,0.813,0.585,0.526,4812.0,2638.0,2174.0,54.8,9.4,0.904
178,26,2021,82,44,27,11,99,60.4,2.866,2.829,1.0196,16.1,40.0,53.0,248.0,76.7,34.939,28.5488,0.7,0.381,0.773,0.784,0.586,0.45,4447.0,2321.0,2126.0,52.2,8.2,0.901
179,28,2021,82,32,37,13,77,47.0,2.573,3.183,0.7933,19.0,41.0,33.0,216.0,85.2,29.2683,31.9756,0.605,0.205,0.652,0.833,0.333,0.417,4570.0,2267.0,2303.0,49.6,8.8,0.9
180,29,2021,82,37,38,7,81,49.4,3.146,3.622,0.8271,18.6,41.0,51.0,220.0,78.6,30.0366,35.2073,0.6,0.34,0.667,0.714,0.593,0.382,4654.0,2256.0,2398.0,48.5,10.5,0.897
181,30,2021,82,53,22,7,113,68.9,3.72,3.037,1.3709,20.5,53.0,63.0,258.0,76.1,32.5122,31.4268,0.8,0.459,0.912,0.921,0.63,0.657,4815.0,2294.0,2521.0,47.6,11.4,0.903
182,52,2021,82,39,32,11,89,54.3,3.049,3.085,0.963,21.1,52.0,58.0,247.0,75.0,32.2561,33.1829,0.6,0.357,0.56,0.931,0.528,0.435,4458.0,2262.0,2196.0,50.7,9.5,0.907
183,53,2021,82,25,50,7,57,34.8,2.512,3.768,0.7104,13.9,28.0,64.0,202.0,75.0,25.8659,35.4878,0.444,0.236,0.615,0.867,0.3,0.31,4454.0,2105.0,2349.0,47.3,9.7,0.894
184,54,2021,82,43,31,8,94,57.3,3.195,2.976,1.1024,18.4,39.0,47.0,212.0,77.4,34.5122,29.9756,0.689,0.324,0.759,0.886,0.5,0.545,4760.0,2348.0,2412.0,49.3,9.3,0.901
185,55,2021,82,27,49,6,60,36.6,2.598,3.463,0.8042,14.6,32.0,56.0,220.0,74.9,29.0244,28.8659,0.484,0.235,0.619,0.739,0.41,0.231,4519.0,2154.0,2365.0,47.7,8.9,0.88
186,1,2022,82,52,22,8,112,68.3,3.5244,2.707317,1.2792,21.9,49.0,40.0,224.0,82.6,34.4024,28.2317,0.75,0.524,0.783,0.919,0.614,0.667,4717.0,2418.0,2299.0,51.3,10.2,0.904
187,2,2022,82,42,31,9,93,56.7,2.9512,2.646341,1.2138,15.8,35.0,39.0,222.0,82.2,30.7805,31.0244,0.628,0.395,0.64,0.818,0.6,0.429,4462.0,2308.0,2154.0,51.7,9.6,0.915
188,3,2022,82,47,22,13,107,65.2,3.3293,2.634146,1.1895,24.1,59.0,42.0,245.0,81.2,31.4878,29.3293,0.744,0.385,0.742,0.743,0.6,0.556,4449.0,2183.0,2266.0,49.1,10.6,0.91
189,4,2022,82,31,38,13,75,45.7,2.6829,3.365854,0.8793,15.6,35.0,59.0,225.0,74.7,29.4634,31.5244,0.531,0.28,0.706,0.88,0.389,0.386,4581.0,2095.0,2486.0,45.7,9.1,0.893
190,5,2022,82,40,31,11,91,55.5,3.1829,3.207317,0.9767,21.7,63.0,55.0,290.0,79.1,34.3659,32.7683,0.585,0.39,0.636,0.757,0.605,0.324,4748.0,2472.0,2276.0,52.1,9.3,0.902
191,6,2022,82,65,12,5,135,82.3,3.6707,2.121951,1.7456,22.2,62.0,36.0,279.0,87.3,32.9634,29.8415,0.915,0.629,0.947,0.94,0.725,0.9,4693.0,2557.0,2136.0,54.5,11.1,0.929
192,7,2022,82,42,33,7,91,55.5,3.5732,3.621951,0.9657,23.4,63.0,61.0,269.0,73.0,32.5,33.0488,0.744,0.302,0.783,0.871,0.512,0.513,4763.0,2149.0,2614.0,45.1,11.0,0.89
193,8,2022,82,31,45,6,68,41.5,2.7683,3.719512,0.806,16.1,38.0,75.0,236.0,72.7,27.2805,33.5732,0.5,0.292,0.65,0.75,0.542,0.316,4505.0,2184.0,2321.0,48.5,10.1,0.889
194,9,2022,82,39,35,8,86,52.4,3.1585,3.292683,0.8531,23.5,72.0,59.0,306.0,80.1,33.4878,31.3659,0.722,0.283,0.778,0.867,0.574,0.353,4906.0,2524.0,2382.0,51.5,9.4,0.895
195,10,2022,82,50,21,11,111,67.7,3.3902,2.682927,1.2958,26.0,64.0,45.0,246.0,81.8,32.0488,29.5122,0.717,0.472,0.774,0.841,0.625,0.576,4415.0,2344.0,2071.0,53.1,10.6,0.909
196,12,2022,82,52,21,9,113,68.9,3.1951,2.560976,1.2429,19.8,50.0,40.0,253.0,84.4,34.7805,26.0,0.816,0.364,0.81,0.875,0.662,0.538,4953.0,2618.0,2335.0,52.9,9.2,0.902
197,13,2022,82,42,32,8,92,56.1,3.5122,3.317073,1.2,22.8,63.0,70.0,276.0,76.0,36.8171,31.7439,0.682,0.316,0.771,0.865,0.528,0.5,4983.0,2437.0,2546.0,48.9,9.5,0.896
198,14,2022,82,46,30,6,98,59.8,3.4146,3.073171,1.0802,25.4,71.0,53.0,280.0,79.7,31.9634,31.4878,0.721,0.395,0.867,0.903,0.605,0.486,4580.0,2365.0,2215.0,51.6,10.7,0.902
199,15,2022,82,35,37,10,80,48.8,3.0854,3.182927,0.9454,21.2,52.0,41.0,245.0,81.9,31.0854,31.0732,0.568,0.311,0.63,0.781,0.568,0.275,4683.0,2320.0,2363.0,49.5,9.9,0.898
200,16,2022,82,26,49,7,59,36.0,2.4634,3.646341,0.649,16.4,38.0,55.0,232.0,76.2,26.9512,33.6341,0.581,0.157,0.588,0.706,0.316,0.333,4469.0,2355.0,2114.0,52.7,9.1,0.892
201,17,2022,82,35,37,10,80,48.8,2.8902,3.353659,0.7978,21.1,57.0,54.0,270.0,78.3,28.1951,30.439,0.548,0.3,0.667,0.88,0.452,0.447,4537.0,2229.0,2308.0,49.1,10.3,0.89
202,18,2022,82,42,32,8,92,56.1,2.7195,2.878049,0.9542,17.6,44.0,48.0,250.0,82.5,29.5,33.2805,0.696,0.278,0.813,0.867,0.552,0.5,4492.0,2346.0,2146.0,52.2,9.2,0.914
203,19,2022,82,37,38,7,81,49.4,3.1707,3.634146,0.9628,19.3,46.0,60.0,238.0,72.3,28.5488,32.3415,0.667,0.225,0.762,0.9,0.391,0.481,4434.0,2150.0,2284.0,48.5,11.1,0.888
204,20,2022,82,38,27,17,93,56.7,3.1463,3.012195,1.0769,19.8,50.0,47.0,252.0,82.6,35.9512,27.3171,0.643,0.256,0.815,0.824,0.475,0.368,5027.0,2531.0,2496.0,50.4,8.8,0.89
205,21,2022,82,51,24,7,109,66.5,3.3415,2.719512,1.2,24.5,64.0,52.0,261.0,79.0,33.2561,30.9634,0.774,0.321,0.861,0.837,0.674,0.531,4830.0,2256.0,2574.0,46.7,10.0,0.912
206,22,2022,82,50,23,9,109,66.5,3.9634,3.121951,1.1361,32.4,89.0,64.0,275.0,77.0,33.5854,31.3659,0.727,0.474,0.788,0.85,0.727,0.459,4888.0,2484.0,2404.0,50.8,11.8,0.9
207,23,2022,82,38,37,7,83,50.6,3.2927,3.609756,0.8756,22.7,62.0,69.0,273.0,71.6,29.7317,30.8171,0.561,0.366,0.654,0.808,0.417,0.513,4593.0,2273.0,2320.0,49.5,11.1,0.883
208,24,2022,82,23,47,12,58,35.4,2.5122,4.085366,0.6356,15.7,36.0,78.0,229.0,72.1,28.3659,39.1098,0.36,0.246,0.563,0.8,0.545,0.217,4750.0,2220.0,2530.0,46.7,8.9,0.896
209,25,2022,82,47,21,14,108,65.9,3.4268,2.621951,1.2069,25.0,64.0,40.0,256.0,83.5,31.9146,29.9024,0.745,0.29,0.818,0.939,0.622,0.455,4765.0,2609.0,2156.0,54.8,10.7,0.912
210,26,2022,82,47,25,10,104,63.4,3.3415,3.097561,1.0563,25.3,68.0,65.0,269.0,75.8,32.4146,27.9146,0.78,0.366,0.786,0.872,0.61,0.389,4572.0,2438.0,2134.0,53.3,10.3,0.889
211,28,2022,82,22,44,16,60,36.6,2.8415,3.841463,0.7682,18.4,41.0,43.0,223.0,82.4,29.4512,32.1951,0.372,0.154,0.4,0.652,0.29,0.261,4862.0,2479.0,2383.0,51.0,9.6,0.881
212,29,2022,82,25,48,9,59,36.0,2.5976,4.012195,0.619,18.3,41.0,59.0,224.0,75.1,29.2561,35.4146,0.483,0.208,0.6,0.846,0.368,0.3,4795.0,2332.0,2463.0,48.6,8.9,0.887
213,30,2022,82,46,25,11,103,62.8,2.9146,2.670732,1.0286,21.4,54.0,46.0,252.0,82.0,30.9146,31.122,0.738,0.385,0.885,0.912,0.537,0.59,4574.0,2181.0,2393.0,47.7,9.4,0.914
214,52,2022,82,46,33,3,95,57.9,3.0,2.731707,1.0816,19.3,52.0,42.0,270.0,82.4,30.3171,30.3293,0.721,0.385,0.75,0.919,0.632,0.524,4463.0,2184.0,2279.0,48.9,9.9,0.91
215,53,2022,82,28,40,14,70,42.7,2.7439,3.597561,0.8389,18.9,45.0,81.0,238.0,74.6,25.8415,35.0488,0.563,0.184,0.5,0.813,0.5,0.319,4635.0,2127.0,2508.0,45.9,10.6,0.897
216,54,2022,82,51,22,9,111,67.7,3.2561,2.743902,1.1761,20.3,42.0,44.0,207.0,77.4,31.5488,30.8902,0.826,0.361,0.857,0.919,0.692,0.541,4679.0,2445.0,2234.0,52.2,10.3,0.911
217,55,2022,82,46,28,8,100,61.0,3.5244,3.073171,1.2981,19.8,48.0,55.0,243.0,76.7,30.4512,27.0122,0.762,0.35,0.862,0.897,0.6,0.458,4515.0,2046.0,2469.0,45.3,11.6,0.886
218,1,2023,8,5,2,1,11,68.8,4.125,3.625,0.6842,42.4,14.0,8.0,33.0,75.0,32.625,30.625,1.0,0.571,0.0,0.6,0.6,0.667,457.0,235.0,222.0,51.4,12.6,0.882
219,2,2023,8,4,2,2,10,62.5,2.625,2.875,1.1538,16.0,4.0,6.0,25.0,79.3,33.0,34.75,0.667,0.0,1.0,0.75,0.667,0.25,462.0,249.0,213.0,53.9,8.0,0.917
220,3,2023,9,7,2,0,14,77.8,3.1111,2.0,1.0,34.4,11.0,5.0,32.0,83.9,28.2222,26.2222,0.833,0.667,1.0,1.0,0.8,0.75,492.0,268.0,224.0,54.5,11.0,0.924
221,4,2023,10,4,5,1,9,45.0,3.2,3.3,0.913,11.4,4.0,6.0,35.0,77.8,33.3,26.7,0.8,0.0,0.667,0.8,0.571,0.0,593.0,283.0,310.0,47.7,9.6,0.876
222,5,2023,9,3,6,0,6,33.3,2.8889,3.222222,0.9545,14.8,4.0,5.0,27.0,82.1,36.0,28.7778,0.333,0.333,0.333,0.667,0.143,1.0,540.0,307.0,233.0,56.9,8.0,0.888
223,6,2023,9,8,0,1,17,94.4,3.2222,1.555556,1.8889,16.7,5.0,1.0,30.0,97.3,31.1111,29.4444,1.0,0.8,1.0,0.833,1.0,0.8,534.0,263.0,271.0,49.2,10.4,0.947
224,7,2023,10,5,5,0,10,50.0,3.2,2.9,1.25,10.0,3.0,4.0,30.0,90.0,28.5,31.3,0.8,0.2,1.0,1.0,0.75,0.333,595.0,272.0,323.0,45.7,11.2,0.907
225,8,2023,9,5,2,2,12,66.7,3.0,3.111111,2.2857,20.0,7.0,11.0,35.0,75.0,29.8889,35.2222,0.6,0.5,0.5,1.0,0.5,0.571,499.0,262.0,237.0,52.5,10.0,0.912
226,9,2023,8,4,4,0,8,50.0,4.0,3.25,1.2941,21.1,8.0,7.0,38.0,75.9,34.5,29.875,0.667,0.0,0.8,1.0,0.5,0.5,487.0,262.0,225.0,53.8,11.6,0.891
227,10,2023,9,5,3,1,11,61.1,3.2222,3.111111,0.8235,31.2,10.0,8.0,32.0,74.2,33.2222,29.2222,0.75,0.4,1.0,1.0,0.429,1.0,522.0,269.0,253.0,51.5,9.7,0.894
228,12,2023,10,6,4,0,12,60.0,3.6,3.7,1.1053,25.0,10.0,10.0,40.0,75.0,35.0,26.1,0.75,0.5,1.0,1.0,0.714,1.0,637.0,327.0,310.0,51.3,10.3,0.858
229,13,2023,8,4,3,1,9,56.3,2.75,2.875,1.1667,14.3,4.0,9.0,28.0,67.9,34.25,29.75,0.667,0.4,0.667,0.75,0.4,0.667,482.0,243.0,239.0,50.4,8.0,0.903
230,14,2023,9,4,2,3,11,61.1,3.5556,3.111111,0.95,33.3,10.0,3.0,30.0,86.4,29.5556,35.6667,1.0,0.0,0.8,0.75,1.0,0.167,498.0,262.0,236.0,52.6,12.0,0.913
231,15,2023,8,4,3,1,9,56.3,2.125,3.25,0.5556,12.0,3.0,7.0,25.0,75.0,29.625,30.375,1.0,0.429,1.0,1.0,0.5,0.5,440.0,199.0,241.0,45.2,7.2,0.893
232,16,2023,9,3,6,0,6,33.3,2.1111,3.555556,0.48,9.1,3.0,4.0,33.0,86.7,26.3333,34.2222,0.25,0.4,0.0,1.0,1.0,0.286,508.0,208.0,300.0,40.9,8.0,0.896
233,17,2023,10,6,3,1,13,65.0,4.0,3.1,1.4444,32.4,12.0,7.0,37.0,81.1,31.0,31.4,0.6,0.6,1.0,1.0,0.5,0.667,561.0,288.0,273.0,51.3,12.9,0.901
234,18,2023,9,4,5,0,8,44.4,2.7778,2.888889,1.0909,21.1,8.0,9.0,38.0,69.0,30.8889,28.7778,0.75,0.2,0.667,1.0,0.5,0.333,495.0,241.0,254.0,48.7,9.0,0.9
235,19,2023,8,3,4,1,7,43.8,1.75,2.875,0.6667,4.0,1.0,5.0,25.0,78.3,25.125,32.5,1.0,0.167,1.0,1.0,1.0,0.333,464.0,225.0,239.0,48.5,7.0,0.912
236,20,2023,10,2,7,1,5,25.0,2.2,3.7,0.4815,16.2,6.0,3.0,37.0,91.4,32.8,29.3,0.333,0.0,0.333,0.5,0.143,0.333,619.0,330.0,289.0,53.3,6.7,0.874
237,21,2023,9,7,2,0,14,77.8,3.4444,2.333333,0.8889,20.0,7.0,2.0,35.0,94.4,33.8889,28.6667,1.0,0.6,1.0,1.0,0.8,0.5,546.0,251.0,295.0,46.0,10.2,0.919
238,22,2023,8,2,5,1,5,31.3,2.75,4.0,0.7778,24.1,7.0,9.0,29.0,72.7,31.25,30.125,0.4,0.0,0.667,0.667,0.333,0.2,491.0,251.0,240.0,51.1,8.8,0.867
239,23,2023,9,6,2,1,13,72.2,4.0,2.333333,1.9091,26.7,8.0,8.0,30.0,77.1,28.1111,30.4444,1.0,0.25,1.0,1.0,0.75,0.6,488.0,244.0,244.0,50.0,14.2,0.923
240,24,2023,10,6,4,0,12,60.0,3.3,3.0,1.2143,18.2,6.0,12.0,33.0,76.9,28.1,32.4,0.667,0.5,0.75,1.0,0.25,0.833,556.0,246.0,310.0,44.2,11.7,0.907
241,25,2023,8,6,1,1,13,81.3,3.125,2.5,1.6667,8.7,2.0,2.0,23.0,92.6,29.75,32.75,0.75,0.75,0.0,1.0,0.667,0.8,494.0,257.0,237.0,52.0,10.5,0.924
242,26,2023,9,5,2,2,12,66.7,4.3333,3.222222,1.2857,17.5,7.0,5.0,40.0,84.4,32.4444,27.8889,0.75,0.4,0.75,1.0,0.5,0.667,577.0,287.0,290.0,49.7,13.4,0.884
243,28,2023,9,0,8,1,1,5.6,1.0,3.777778,0.2727,12.5,3.0,8.0,24.0,76.5,24.5556,38.3333,0.0,0.0,0.0,0.0,0.0,0.0,538.0,295.0,243.0,54.8,4.1,0.901
244,29,2023,9,3,4,2,8,44.4,2.5556,3.333333,0.7368,16.1,5.0,5.0,31.0,83.9,32.4444,32.7778,0.5,0.2,0.4,0.667,0.333,0.4,489.0,234.0,255.0,47.9,7.9,0.898
245,30,2023,9,3,4,2,8,44.4,3.5556,4.111111,0.9583,13.9,5.0,9.0,36.0,67.9,31.4444,34.3333,0.5,0.2,1.0,1.0,0.4,0.25,531.0,247.0,284.0,46.5,11.3,0.88
246,52,2023,9,4,3,2,10,55.6,3.2222,3.333333,1.3571,11.8,4.0,9.0,34.0,71.9,33.1111,29.1111,0.6,0.25,1.0,0.75,0.333,0.667,537.0,256.0,281.0,47.7,9.7,0.885
247,53,2023,9,4,4,1,9,50.0,3.3333,2.777778,1.5385,23.7,9.0,9.0,38.0,71.0,29.1111,31.6667,0.6,0.25,0.8,0.6,0.667,0.333,534.0,267.0,267.0,50.0,11.5,0.912
248,54,2023,10,9,0,1,19,95.0,3.5,2.2,1.3529,22.9,8.0,3.0,35.0,89.7,28.8,29.9,0.833,1.0,1.0,1.0,1.0,0.8,571.0,295.0,276.0,51.7,12.2,0.926
249,55,2023,10,3,5,2,8,40.0,2.4,3.3,0.7,25.0,7.0,6.0,28.0,76.9,32.0,32.5,0.286,0.333,0.4,0.75,0.4,0.0,581.0,286.0,295.0,49.2,7.5,0.898
